longitude,latitude,Length,Width,Draft,target_longitude,target_latitude
-0.6004733047051625,-0.9579889474375722,-1.1062638473862512,-1.626872561544432,-1.1064082159690116,-0.5984114861185343,-0.9571545619039904
-0.310705985872607,0.8850163187064922,1.7821894122910908,1.7017517267224471,0.8813891194299607,-0.5307941093447707,-0.109855575723514
-0.2762620900016976,-0.5329253543021849,-0.9188237848016318,-1.075741392290622,-1.1064082159690116,-0.2762609407198088,-0.5329623103406289
-0.2762699062453734,-0.5329632862936954,-0.9188237848016318,-1.075741392290622,-1.1064082159690116,-0.2762604654155915,-0.5330121651582651
0.3493499931013784,0.3496032998478082,1.001631376138659,0.7617091285989676,0.8137293509715452,0.3469259397808184,-1.0600333426709394
-0.6215514141444506,-0.4875901336461963,1.109186720442776,0.5974096479534923,0.767067441689879,-0.5587968275756977,0.2222441746130171
-0.6386829717186423,-0.5927504983712227,-0.9370181690363372,-1.0237478857572435,-1.1064082159690116,-0.6379036628582916,-0.5779011404511978
-0.5881343970310376,-1.0530815684746122,-0.8818664418248869,-0.88856476877046,-1.1064082159690116,-0.5885819081683317,-1.055344364411429
-1.2124683411244863,1.7845784659943946,1.7839898982309834,1.908685882725293,0.410103835685134,-0.9112095828638463,2.052028570444696
-0.6668496074445546,-1.053030783062357,-0.885277888868894,-0.8677673661571087,-1.1064082159690116,-0.706081268189295,-1.1049420632399314
-0.6278277248664096,-0.9888367019027178,-0.8887840983307904,-1.626872561544432,-1.1064082159690116,-0.6112629276781594,-0.9778554521140856
2.6575511741211244,0.8857707154583905,0.2598311689028653,0.7648287389909704,0.9700467470651264,2.6741985684916734,0.9188395186196392
0.3891037353707031,-1.0140204196049416,-0.6871296730628076,-0.231366846188558,0.1744611938127206,0.3583690666763008,-1.0445144646221804
-0.4914491109028421,-0.0183721430643107,-1.1062638473862512,-1.626872561544432,0.1301323799951378,-0.4830294930256974,0.0016716616752625
-0.2470421771660454,0.8494788858653202,1.7821894122910908,1.7017517267224471,1.3200110666776217,-0.2215033510715301,0.9018382449516748
0.5278684387259472,0.4149834044007216,1.002105188228105,0.7617091285989676,0.8137293509715452,0.5452361327947206,0.3747572215709663
0.477330032378581,0.3966738514504661,1.058583589290002,0.5974096479534923,0.767067441689879,0.4680430931845286,0.4386856248748743
-0.2459975606986742,1.4012831870066806,1.109186720442776,0.5974096479534923,0.767067441689879,-0.2272831690214979,1.403376027302765
-0.6595814523974065,-1.027001244228961,-0.9292476507694316,-0.8053751583170546,-1.1064082159690116,-0.6866748419225459,-1.0560686765430738
-0.3251330404166799,0.6490314526828111,1.0022947130638826,0.7845862714736543,0.9187186468552936,-0.4948754506157466,0.1052244327566336
1.1273044159921586,-0.54626763667064,1.0306286760127206,0.844898739052373,2.334907593553857,1.1328237573040374,-0.5364387785825745
0.5413568335634219,-0.9635225874677544,-0.7888097474578009,-0.8105745089703925,-0.2828255171476064,0.4815138270069403,-0.7681974027994126
-0.8414973845792715,1.736985102028184,0.7276732260213009,0.5287782193294329,0.8370603056123781,-0.3868512224911899,1.4707227784098689
-0.2762137612634718,-0.532990720981315,-0.9188237848016318,-1.075741392290622,-1.1064082159690116,-0.276287949871686,-0.5329249440134316
-0.2267601500014413,0.8888422779900129,1.0022947130638826,0.7845862714736543,0.9187186468552936,-0.5449776003971794,0.2512203125349082
-0.6079537545245448,-0.0944072541941689,0.9406043790180854,0.6608417259242138,0.4334347903259669,-0.6315533949652782,-0.3882530549615469
-0.6628199149637863,-1.0322085683699669,-0.9292476507694316,-0.8053751583170546,-1.1064082159690116,-0.6790831286847426,-1.0514571847687706
-0.6450549940996757,-0.3067215476298484,1.0022947130638826,0.7845862714736543,0.9187186468552936,-0.6194179992882974,-0.1887692146725257
-0.818989203235819,-1.2319790296251247,-0.7250346402184434,-0.4206232099700551,-1.1064082159690116,-0.7586668112044631,-1.1970829326474322
-0.6410398969110158,-1.0606327432337492,-0.8289890126427748,-0.545407625650163,-1.1064082159690116,-0.6008862627855789,-1.064325036539563
-0.8710701218791178,-1.2308463421084126,-0.7146107742506437,-0.1398582746898121,-1.1064082159690116,-0.9704422975070444,-1.2405686496099777
-0.3364596259374914,1.638493332788244,1.7821894122910908,1.7017517267224471,1.1730260524403733,0.1779070610871396,1.120800218340737
-0.4943792128222142,-1.0791087043302827,1.7821894122910908,1.7017517267224471,0.8813891194299607,-0.5284319386452717,-0.9678438859198149
-0.2762617602774277,-0.5329671722368463,-0.9188237848016318,-1.075741392290622,-1.1064082159690116,-0.2762716131236853,-0.5329717486531367
-1.3522593091292558,1.314837304408088,-0.7935478683522553,-0.7741790543970277,-0.5371329227326862,-1.3522792166439626,1.3147872966410217
-0.0872526745364879,1.4733563310556863,1.7821894122910908,1.7100706877677885,0.8883884058222109,0.0909374539895593,1.1388079704864396
-0.2405778445190177,1.382689367033308,0.7276732260213009,0.5339775699827708,0.8627243557172942,-0.2514606030682994,1.3821383465651027
-0.814425467464327,1.746032182524116,1.109186720442776,0.5974096479534923,0.767067441689879,-1.2585606851316071,1.6133362494079848
2.6534295116362148,0.8657555306984489,1.679751238552985,1.7007118565917798,1.3433420213184544,2.6893649618623963,0.9422760944188032
-0.2762547004353244,-0.5329281252930924,-0.9188237848016318,-1.075741392290622,-1.1064082159690116,-0.2762489778501136,-0.5329954067531647
-0.5881912171091794,-1.0531438110525857,-0.8463305351164783,-0.6805907426369467,-1.1064082159690116,-0.5871355624539921,-1.0485940410618226
0.384595655973118,0.5484503085533143,0.7134588633379375,0.5370971803747733,0.7134062460159631,0.3692163156692222,0.5662615657807716
2.7076953240251087,0.979843379265027,0.066136786737566,0.2136975697371602,0.8440595920046279,2.664589298886169,0.8885539406445692
0.1807548103733287,1.16330273030348,-0.869357802663527,-0.794976457010379,-1.1064082159690116,0.1807761703806175,1.1633017420048208
-0.7474103548729761,1.9911128821025932,1.1127876923225613,0.6608417259242138,0.7950645872588787,-0.7710749615592216,1.9581469481889135
-0.7112119613476215,-1.1389104943802462,-0.8887840983307904,-1.626872561544432,-1.1064082159690116,-0.7012738013900658,-1.0878379837581575
1.1821691005584,-0.2881028100766608,-0.8414028893862455,-0.7617006128290168,-0.2174988441532739,1.18216943504575,-0.2880888057643679
-0.6940606441141711,-1.062701470340831,-0.9618459225232786,-0.9301595739971624,-1.1064082159690116,-0.6883836215583308,-1.057423601196694
2.6569836512249982,0.8786883681497664,1.679751238552985,1.7007118565917798,1.2033562934734563,2.653872467944741,0.8664733702201293
0.4035750847900308,-0.9998582796084255,-0.4303235205833746,-0.0577085343670745,-0.0355173979547765,0.381432500777242,-1.0217713105327964
0.1930947915729836,1.1484765681448288,-0.7019126102535056,-0.4538990541514173,-1.1064082159690116,0.1132030814841365,0.9883638791633892
2.695170081435589,0.9530605133791178,1.679751238552985,1.7007118565917798,1.2033562934734563,2.709011559485683,0.9861522100642006
-0.6237756087505009,-0.1644712836304168,0.9406043790180854,0.6608417259242138,0.480096699607633,-0.6102751292950146,-0.0990627098964109
-0.6634860284442705,-1.0541020436273911,-0.903187985849932,-0.8053751583170546,-1.1064082159690116,-0.6141692131895342,-1.0693200971210215
-0.8335186323202575,-1.1990757974716633,-0.6903515952710366,-0.5142115217301362,-1.1064082159690116,-0.7932497651226369,-1.1916166518308768
-0.567812583416293,-0.9881657553884146,-1.1062638473862512,-1.626872561544432,0.3634419264034679,-0.4644408877221472,-0.7924463534547037
-0.598504857028762,-1.0650663831976457,-0.903187985849932,-0.8053751583170546,-1.1064082159690116,-0.6860040785098439,-1.0560727190661157
-0.3999219099537174,1.4004305832084,1.0022947130638826,0.8511379598363782,1.037706515523542,-0.5732325040047626,1.627445463938176
-0.6497052094890398,-1.0071632912253488,-0.8722954376180888,-0.8053751583170546,-1.1064082159690116,-0.6396027373937658,-0.9966001592995718
-0.3865914652454028,-0.2497006986739503,-0.756211475703954,-0.61507892440489,-0.1755031257997744,-0.4031782232278976,-0.374276428922208
-0.603867288561185,-1.063419936694772,-0.9292476507694316,-0.8053751583170546,-1.1064082159690116,-0.6637300390674092,-1.0540224915963257
-0.5294778669769089,-1.0559705931199197,-0.7745953847744373,-0.5870024308768658,-0.0565152571315261,-0.5523438936258823,-1.0453243694969456
-0.0616858137722013,1.691875553448,1.7839898982309834,1.908685882725293,0.410103835685134,-0.1439389218068686,1.9175360329789328
0.4523264370997883,0.5861120235270655,0.8578767882009102,0.8480183494443758,0.8767229285017942,0.4588742353582354,0.557909354661849
-0.816074932793912,-1.2298880837068582,-0.6559528375772972,-0.3270348982099741,-1.1064082159690116,-0.8064814590150788,-1.2259254058955815
-0.5587968275756977,0.2222441746130171,1.109186720442776,0.5974096479534923,0.767067441689879,-0.2101158570723829,0.9372246750149272
-0.6567868950117018,-1.0822766990638322,-0.885277888868894,-0.8677673661571087,-1.1064082159690116,-0.6621289471473454,-1.031079287090276
0.1071931857866858,0.8605588603290429,-0.6729153103794441,-0.3582310021300012,0.3541095445471347,-0.3619151796774528,-0.3816146978070844
-0.6798878105833174,-1.0511803535315971,-0.8486048331458164,-0.8053751583170546,-1.1064082159690116,-0.6502046045819511,-1.0092893664947875
-0.276262546795441,-0.5329962841587468,-0.9188237848016318,-1.075741392290622,-1.1064082159690116,-0.276268597023213,-0.5329885211607304
-0.2222260239031327,0.8990143617223261,1.002105188228105,0.7617091285989676,0.8137293509715452,-0.2447431363806473,0.880390451089104
-0.4723686231762704,0.913734953523406,-0.8070041316925061,-0.8261725609304059,-1.1064082159690116,-0.4701699573580299,0.9101948604388026
-1.6321513299483323,1.3845242602261223,-0.8686944657383033,-0.7762587946583628,-1.1064082159690116,-0.712090166945795,-1.140602544296744
-0.632913354426117,-0.3291940302624629,-1.1062638473862512,-1.626872561544432,0.1301323799951378,-0.4914491109028421,-0.0183721430643107
-0.5907603367261594,1.586963202495108,1.7821894122910908,1.7017517267224471,1.3200110666776217,-0.3843030175371409,1.464928604418409
-0.5801830377455542,-1.017376405359666,-0.0828297341840828,-0.3790284047433525,-1.1064082159690116,-0.598210224281705,-0.9599725378890532
-0.2483718644681366,0.8801768065524017,1.7839898982309834,1.908685882725293,0.410103835685134,-0.2033846876470348,0.9271381726593748
-0.6098451728610295,-0.9633782933786256,-0.9156018625934028,-0.8157738596237303,-1.1064082159690116,-0.6050170376156391,-0.963056831861018
-0.5440067734496102,-0.946567078091514,0.7134588633379375,0.5370971803747733,0.7134062460159631,-0.5331633780972418,-0.9721144212283338
-0.1598345241935732,0.6265587679786595,-1.1062638473862512,-1.626872561544432,0.1301323799951378,-0.0675541484902415,0.6982226102884118
0.1699016920662759,1.179561944983416,1.7937504272735594,1.7100706877677885,1.1730260524403733,-0.1832661793495738,1.936769457157921
-0.4145076706314184,0.4520072287992489,1.0021999506459938,0.7877058818656567,0.9163855513912104,-0.4927551767063645,0.0900205877021798
0.7136999640891059,-0.8669897402219658,0.2583149702166398,0.7939451026496623,0.92338483778346,1.1471733824932608,-0.6301667282762093
-0.5015094281694636,-0.6386540944785296,1.0306286760127206,0.8480183494443758,0.9980438926341256,-0.4723001274206232,-0.4703232242714558
-0.8164890023497517,1.752800658562006,1.7821894122910908,1.7100706877677885,0.8883884058222109,-0.324148135250783,1.6086366735225424
2.6378084441779768,0.812713562270815,-0.9026194113425976,-0.8105745089703925,-0.4018133858158547,2.6378906812943974,0.8125627723861629
-0.7315958089529295,-1.1476156604681778,-0.8593129863672835,-0.6805907426369467,-1.1064082159690116,-0.7695507766529427,-1.2052346125277755
-0.5988701801732064,-0.9618702937223936,-1.3466549530831122e-16,0.0,0.0,2.694887031010475,0.9519904341115476
-0.8070864593507939,-1.226345831735022,-0.8061512699315042,-0.6077998334902169,-1.1064082159690116,-0.7499611520260243,-1.1868750646285824
-0.480369349826523,-0.3165306176680511,1.001631376138659,0.7617091285989676,0.8137293509715452,-0.4891019778087186,-0.3633494524107166
-0.5712577563996185,-0.811785076934945,1.109186720442776,0.5974096479534923,0.767067441689879,-0.6215514141444506,-0.4875901336461963
-0.5474616520659272,0.2203219681640117,0.3944885647232617,0.5027814660627438,0.6387471911652975,-0.6416470593611295,-0.315626754419085
-0.4122825895526918,0.6699393347601195,0.9965142055726484,0.8469784793137081,1.037706515523542,-0.4126975587410153,0.7540448646569962
-0.9054250441410262,2.085833288287106,0.7276732260213009,0.5339775699827708,0.8627243557172942,-0.4056773021305956,1.4686129540803765
1.1821458319445863,-0.2881184606053825,-0.8414028893862455,-0.7617006128290168,-0.2174988441532739,1.1821158129048968,-0.2881220580713282
-0.3857017158540038,1.6772258419057977,1.002105188228105,0.7617091285989676,0.8137293509715452,-0.3719484269961415,1.6575350385820653
-0.598210224281705,-0.9599725378890532,-0.0828297341840828,-0.3790284047433525,-1.1064082159690116,-0.5942009072107644,-0.9671661394445714
2.694887031010475,0.9519904341115476,1.0623740860055657,1.7215092592051315,1.7866301594942815,2.687348247921232,0.9385254746870016
-0.2762901562972115,-0.5329971856972913,-0.9188237848016318,-1.075741392290622,-1.1064082159690116,-0.2762524622878727,-0.5329600532543892
-0.3093718324795372,0.6993552541515711,1.0022947130638826,0.7845862714736543,0.9187186468552936,-0.3169695832196688,0.6749231393263587
-0.5893192796356911,-1.0608479279618852,-0.9280157393368736,-1.626872561544432,-1.1064082159690116,-0.5934922182876962,-1.071107886425614
-0.1915747032037222,1.4080327613969723,0.7134588633379375,0.5287782193294329,0.6947414823032967,0.0342472679171184,1.3293854403032173
-0.2762890009559768,-0.5329591376005565,-0.9188237848016318,-1.075741392290622,-1.1064082159690116,-0.2762229551068774,-0.5329275286708461
-0.3558513321001471,0.7904023387897199,1.7821894122910908,1.7017517267224471,0.8883884058222109,-0.2791230892924931,0.8537891124863989
-0.276202146201325,-0.5330068449857048,-0.9188237848016318,-1.075741392290622,-1.1064082159690116,-0.276256447130337,-0.5330045961559084
-0.6833983953219748,-1.0552165786887282,-0.8896369600917922,-0.8053751583170546,-1.1064082159690116,-0.6634032546840196,-1.0541236703862635
-0.6218801887781815,-0.5033422725660422,0.9406043790180854,0.6608417259242138,0.480096699607633,-0.6237756087505009,-0.1644712836304168
-0.5489487802948219,0.4651510986752517,-0.7148950615043109,-0.5807632100928602,-0.0565152571315261,-0.5490137272277806,0.4654180311613591
-0.2060681816863812,0.9449999074608064,0.7276732260213009,0.5339775699827708,0.8627243557172942,0.0662322474399906,1.1459123482771902
-1.5186044272021435,1.5145599520488464,1.3720576676671103,1.7069510773757854,0.8790560239658775,-1.2050859022252167,1.7503260067645094
-0.5166631179654184,0.3147961108409228,0.3944885647232617,0.5027814660627438,0.6387471911652975,-0.4797463761492811,0.4115959679285126
0.5354450923655846,-0.3270795203805448,0.7416033014509971,0.6608417259242138,0.7134062460159631,0.6647609965220493,-1.0628885013430975
1.9645469537344835,0.1668109290081783,-0.5140934979973298,0.4809441933187248,-0.5721293546939357,1.968710109248042,0.1654721779884309
-0.809973426298847,-1.2273977742717768,-0.7365956552009124,-0.2958387942899471,-1.1064082159690116,-0.7651013377911352,-1.202929559117687
0.5363910701751796,-0.9627264234085064,-0.7019126102535056,-0.4538990541514173,-1.1064082159690116,0.4419750759217641,-0.9374554185260816
-0.194940032949541,0.921445058217942,1.001631376138659,0.7617091285989676,0.8137293509715452,-0.2145225269795351,0.9057705187432156
-0.6944197408995331,-1.0622279437985938,-0.9618459225232786,-0.9301595739971624,-1.1064082159690116,-0.68662725088839,-1.0562387853523587
-0.5506628221182234,1.7569460371984789,1.058583589290002,0.5974096479534923,0.767067441689879,-0.4665947669634669,1.705953863820104
0.4266532600516864,0.6011260055089205,0.7134588633379375,0.5370971803747733,0.7134062460159631,0.0385757885327942,0.8579988859718619
2.6586419656907245,0.8790772830543563,0.9418362904506437,1.7277484799891365,1.4086686943127866,2.716028416473784,1.0204611518595998
1.1358926970160232,-0.5872834116929313,0.2583149702166398,0.7939451026496623,0.92338483778346,1.1279982898271266,-0.5507063671356083
0.4769054667720684,0.6313330688525173,1.0022947130638826,0.7845862714736543,0.9187186468552936,0.1982155046744974,0.8772919527062258
-0.5447799100265546,-0.9706811023553168,1.7821894122910908,1.7017517267224471,0.8813891194299607,-0.6007741429386939,-0.7713286456229758
-0.386121264821987,0.4618476784049365,1.7821894122910908,1.7017517267224471,1.315344875749455,-0.3957700350695216,0.431111776761658
0.0976783358733162,1.279485217139416,0.7452042733307824,0.8459386091830406,1.2920139211086217,-0.2342499256732775,1.6053255620286029
-0.4425435426014824,-0.6790799641207027,-0.756211475703954,-0.61507892440489,-0.1755031257997744,-0.4304614231479125,-0.57782764318924
2.7065448273863466,0.9839116329224992,1.3528208968356257,1.7215092592051315,1.92661588733928,2.685126368998585,0.9350887936617678
-0.2033001443554238,1.4100751300192609,0.8837469282846316,0.75650977794563,0.8160624464356284,-0.1798943484397269,1.4143501734076764
-0.1033525382870566,1.551519951861478,2.0208959429537074,1.908685882725293,0.8533919738609612,-0.0969805791971136,1.5451483946375535
-0.1889377594351973,0.9723410171904048,0.8837469282846316,0.75650977794563,0.8160624464356284,-0.2020391837719453,0.9722099636180664
-0.6187724260111414,-1.0716259352886974,-0.9156018625934028,-0.8157738596237303,-1.1064082159690116,-0.6915231392543788,-1.059683672462024
-0.5939379233605732,-0.9672379407861654,-0.0828297341840828,-0.3790284047433525,-1.1064082159690116,-0.578017495946242,-1.0162587651486303
-0.2762162128586198,-0.533038371923104,-0.9188237848016318,-1.075741392290622,-1.1064082159690116,-0.2762667010316311,-0.5329916252583757
1.28842573809975,-0.1153066456962222,-1.1062638473862512,-1.626872561544432,-1.1064082159690116,1.2912108780837366,-0.1291177799443565
0.4294736918132225,0.1127243789164379,0.9269585908420565,0.8459386091830406,1.0167086563467922,0.9526940481157165,-0.8531896473237154
0.5054191469227218,-0.9566853130909584,-0.7019126102535056,-0.4538990541514173,-1.1064082159690116,0.5523704866568787,-0.9678554820694704
1.1031329170542326,-0.7007315343126391,1.030154863923275,0.8428189987910378,0.9957107971700424,1.1190813409350002,-0.6860037274435818
-0.2261935176035454,0.541945382823305,-1.1062638473862512,-1.626872561544432,0.1301323799951378,-0.4411444702516339,0.0994395063329027
0.2127214892056431,1.0924280049789317,-1.1062638473862512,-1.626872561544432,-1.1064082159690116,0.1419083227974793,1.2693691935717892
-0.589371065505815,-0.8999540900307547,1.030344388759053,0.8438588689217056,2.334907593553857,-0.6160008361720624,-0.4334872868662952
0.4248883295789109,-0.9725414554663432,-0.4303235205833746,-0.0577085343670745,-0.0355173979547765,0.5261015862225211,-0.6700562497937352
-0.578017495946242,-1.0162587651486303,-0.0828297341840828,-0.3790284047433525,-1.1064082159690116,-0.5848869675471857,-1.036382440650006
0.1006312007621605,1.2590616832149295,-0.7018178478356166,-0.200170742268531,0.356442640011218,-0.3399499161335847,1.358365804017435
-0.3200142102972914,-0.4785202396894998,-0.90754705707283,-0.8001758076637168,-1.1064082159690116,-0.3950602046673084,-0.6700811347207404
-0.678420010537461,-1.049874005629309,-0.9618459225232786,-0.9301595739971624,-1.1064082159690116,-0.6913898512942577,-1.0595315876886882
-0.2762985495142931,-0.5329971085213132,-0.9188237848016318,-1.075741392290622,-1.1064082159690116,-0.2762488558784859,-0.5330166359033934
-0.7302087829765125,-1.1707141284575555,-0.956065415032044,-0.9301595739971624,-1.1064082159690116,-0.7331034335640559,-1.1799260806987568
-0.2990720508475112,0.8520639037702762,0.3944885647232617,0.5027814660627438,0.6387471911652975,-0.6117700390094971,0.4789101510372157
-0.7847395350837607,1.8795832038134517,1.058583589290002,0.5974096479534923,0.767067441689879,-1.1744342078457424,1.7674902551343563
-0.69417260543733,-1.0614321939977878,-0.9156018625934028,-0.8157738596237303,-1.1064082159690116,-0.6939353361598598,-1.0609245870603718
-0.7124898600319226,-1.1411305073818918,-0.8887840983307904,-1.626872561544432,-1.1064082159690116,-0.7109435012109181,-1.1365695027767355
0.4181159858507824,0.56507400009541,-0.673673409722557,-0.3852676255273579,-0.2174988441532739,0.3808327164136362,0.5518890132283268
-0.4637508313399288,0.5375484030300066,0.9406043790180854,0.6608417259242138,0.4334347903259669,-0.550229732027452,0.2225707601910078
-0.6859184160378405,-1.0558423486277384,-0.885277888868894,-0.8677673661571087,-1.1064082159690116,-0.694140845783936,-1.0622741301710554
2.6963300806494988,0.9565888631791336,1.00257900031755,0.7825065312123192,1.2126886753297894,2.649127660937444,0.8518979878810703
-0.5990025965910858,-0.9553181389422368,-1.1062638473862512,-1.626872561544432,-1.1064082159690116,-0.6038385805583872,-0.9580946627897856
-0.5439526516796278,-0.6609863048159939,1.001631376138659,0.7617091285989676,0.8137293509715452,-0.5637389372229833,-0.9767215397607636
2.643845762967428,0.8348380205418501,1.6798460009708738,1.7277484799891365,1.4086686943127866,2.660825285610413,0.8931242572861928
2.6930879842892423,0.9456140517780104,1.0302496263411642,0.8532177000977137,1.2500182027551223,2.693122731795122,0.945480777003714
-0.8255514262317926,-1.2394401062551017,-0.7322365839780143,-0.2958387942899471,-1.1064082159690116,-0.737834230255345,-1.1612284186287922
0.1807569428285795,1.1632668497844043,-0.869357802663527,-0.794976457010379,-1.1064082159690116,0.1807309430730447,1.1632995133902768
-0.6884409388666494,-1.0574797462355618,-0.903187985849932,-0.8053751583170546,-1.1064082159690116,-0.6865592198359604,-1.0563405369188776
0.4585819470795843,0.6653641225918197,-0.4303235205833746,-0.0577085343670745,-0.0355173979547765,0.3944256988976258,0.9448179711103633
-0.5981555888202653,-0.7724747283858552,-0.7250346402184434,-0.644195288063582,-0.1101764528054422,-0.6211358017796074,-0.5429312301487729
-0.5082883843996251,0.4378717523148447,0.9965142055726484,0.8469784793137081,1.037706515523542,-0.5508765430981357,0.3061936317825438
-0.6799720297472026,-1.0532647172916585,-0.8896369600917922,-0.8053751583170546,-1.1064082159690116,-0.6081249685543081,-1.0617060449138431
-0.9993030820821848,-1.2563975100342524,-0.7336580202463505,-0.3582310021300012,-1.1064082159690116,-0.999146701210352,-1.256051694317198
1.1821746820166288,-0.2880846257293373,-0.8414028893862455,-0.7617006128290168,-0.2174988441532739,1.1821230740281496,-0.2880559728510076
2.6426551298981944,0.8341700565836447,-0.860829185053509,-0.5818030802235278,-0.1731700303356912,2.644040899222605,0.8401753548825552
0.5662029519548559,-0.4003766007645866,0.7416033014509971,0.6608417259242138,0.7134062460159631,0.6774905336337526,0.3408375427514297
2.641447564529792,0.8216438706239412,-0.8751383101547615,-0.6764312621142764,-0.1825024121920244,2.6437661041939347,0.843562583358916
-0.2762836896265448,-0.5329674778109501,-0.9188237848016318,-1.075741392290622,-1.1064082159690116,-0.2762919994915641,-0.5329702931524105
0.6018659937537327,0.5788322892100048,0.7276732260213009,0.5339775699827708,0.8627243557172942,0.6131012311970161,0.5306127472427075
-0.2762721770740429,-0.5329977135201802,-0.9188237848016318,-1.075741392290622,-1.1064082159690116,-0.2762902179881027,-0.532944659580493
0.1807171729834281,1.163325341456275,-0.869357802663527,-0.794976457010379,-1.1064082159690116,0.1807179583420294,1.163340038387692
-0.0407356597032734,1.275390965197979,1.0579202523647784,0.5953299076921572,0.767067441689879,-0.50541016694044,1.6868570384162944
-0.289746788443791,0.7681622251561255,1.002105188228105,0.7617091285989676,0.8137293509715452,-0.2654335302564558,0.8461241748258234
0.4488115178953384,0.5800510387155399,1.0022947130638826,0.7845862714736543,0.9187186468552936,0.1836176127585669,0.8702495190233397
-0.6541036493162483,-1.0170968031044902,-0.9425143892739042,-0.9821530805305408,-1.1064082159690116,-0.6470162731234269,-1.004344580327344
0.0692890341459469,1.144034425537487,1.7937504272735594,1.7100706877677885,1.1730260524403733,-0.2134242061766282,0.9068920554281362
-0.1733877602960257,1.9487422743934892,1.0022947130638826,0.7637888688603027,0.9093862649989606,-0.1820724859674831,1.952336124954004
-0.3192775063910626,0.6700122555836238,1.002105188228105,0.7617091285989676,0.8137293509715452,-0.312759378779356,0.6917974050132738
-0.4016561611040868,-0.6411957811011293,-0.7771539700574428,-0.5329291840821523,0.1021352344261382,-0.4063201314659146,-0.6515014567371338
2.637758963369522,0.8127787845496758,-0.9026194113425976,-0.8105745089703925,-0.4018133858158547,2.63788745145874,0.8125333573900789
-0.6967985077327614,-1.0756509190939751,-0.9425143892739042,-0.9821530805305408,-1.1064082159690116,-0.6528482267908899,-1.014256696747182
0.5160397762896143,-0.3245414724925788,0.7416033014509971,0.6608417259242138,0.7134062460159631,0.4357696644771266,0.6127158310695054
2.66590341121348,0.9040312572638934,0.6362274927583293,1.7246288695971337,1.814627305063281,2.65301759707184,0.8703430855308182
0.1716168181743765,1.1375809130267556,1.0021999506459938,0.7877058818656567,0.9163855513912104,0.4492402676460724,0.6525227987342268
-0.8724951924961489,-1.223455053821742,-1.3466549530831122e-16,0.0,0.0,-0.8918164046689637,-1.2298466291534207
0.553358772751748,-0.6349081883752788,0.3944885647232617,0.5027814660627438,0.6387471911652975,0.4958323565175948,0.0517460986225265
-0.9545269596845852,-1.2373645991421474,-0.8151536996309677,-0.545407625650163,-1.1064082159690116,-0.8600938302195842,-1.2299514439697286
-0.6134005187164968,-1.0685076436009535,-0.8896369600917922,-0.8053751583170546,-1.1064082159690116,-0.611689103436791,-1.0655572941110436
1.1471733824932608,-0.6301667282762093,0.2583149702166398,0.7939451026496623,0.92338483778346,1.1358926970160232,-0.5872834116929313
-0.9400262244645232,-1.2354537361285378,-0.7745953847744373,-0.3790284047433525,-0.3831486221031883,-0.9715936720439924,-1.2349522547380374
-0.2762702417377885,-0.5328670805323746,-0.9188237848016318,-1.075741392290622,-1.1064082159690116,-0.2762224182770216,-0.5329752301248367
-0.5051745607657763,0.3489314244540522,-0.7250346402184434,-0.644195288063582,-0.1101764528054422,-0.4859785157808184,0.415326765268559
-0.2685094328335407,0.936538711860324,-0.7167903098620926,-0.0410706122763934,-1.1064082159690116,-0.5781885300191567,0.0917546928715354
-0.534243547000349,0.3492481061255537,1.0022947130638826,0.8511379598363782,1.037706515523542,-0.5282471395691278,0.3660629003178923
-0.0781907608730493,0.9619082154986968,-1.1062638473862512,-1.626872561544432,0.3634419264034679,-0.1695365427183674,0.9632940914295371
-0.5848436746801461,-1.0367189726796084,-0.0828297341840828,-0.3790284047433525,-1.1064082159690116,-0.582155615842262,-1.0252028197589145
-0.9229884383548258,-1.2346479022433778,-0.7365956552009124,-0.2958387942899471,-1.1064082159690116,-0.978362779357992,-1.2416516766361003
0.7093244133630497,-0.727814821791709,1.0022947130638826,0.8137026351323459,0.9070531695348772,0.7242021628874732,-0.074389221035253
1.1843733456905703,-0.2907384370088496,-0.7250346402184434,-0.5173311321221388,-0.2898248035398563,1.1843826524242629,-0.290669973728712
2.6430531230597505,0.8324075266371852,-0.9026194113425976,-0.8105745089703925,-0.4018133858158547,2.6493276011688547,0.8508993527486604
-0.6168878995268341,-0.9777495204814745,-0.9425143892739042,-0.9821530805305408,-1.1064082159690116,-0.6941931931301654,-1.0659626906999256
-0.0751045747571092,1.4163062855459128,-0.7018178478356166,-0.200170742268531,0.356442640011218,0.3695035405848724,0.2371305705120723
0.1074332724235031,1.2388592611004912,1.0022947130638826,0.8511379598363782,1.037706515523542,0.4779464900492388,0.2107833686658623
0.1779070610871396,1.120800218340737,1.7821894122910908,1.7017517267224471,1.1730260524403733,0.5770103417216879,-0.0073793969154038
0.1885757682215468,1.1099302013414318,0.8578767882009102,0.8480183494443758,0.8767229285017942,0.4495560201041638,0.5977212372194611
-0.5697324807562971,-0.1487732592359135,1.0022947130638826,0.7845862714736543,0.9187186468552936,-0.4283955583157839,0.2851973910469437
-0.7332410715240362,-1.1573092516759376,-0.9156018625934028,-0.8157738596237303,-1.1064082159690116,-0.7856432754071898,-1.2153941084712054
-0.6297105963686038,-0.4093845106826169,-1.1062638473862512,-1.626872561544432,0.1301323799951378,-0.5987504719390278,-0.0712596926692632
-0.6843007819575867,-1.0539293152430946,-0.9425143892739042,-0.9821530805305408,-1.1064082159690116,-0.6526722799569153,-1.0139718841150362
-0.0418222436350839,0.96233690805323,-0.4130767605275602,0.2272158814358384,0.0321423705036392,0.2623799737381544,0.7744119407789798
-0.2762354202527768,-0.5329968444849584,-0.9188237848016318,-1.075741392290622,-1.1064082159690116,-0.2762580665779794,-0.5329659259516966
-0.6289684409615574,-0.3483357051526633,-1.1062638473862512,-1.626872561544432,0.1301323799951378,-0.6482083863555226,-0.3670342014007582
-0.3879638545963969,0.4090731356095575,1.0022947130638826,0.7845862714736543,0.9187186468552936,-0.3798710058642718,0.4335104155648916
1.1530120268693866,-0.5480637632107389,-0.4303235205833746,-0.0577085343670745,-0.0355173979547765,1.254965462948633,-0.5651961288970072
-0.2762935836962437,-0.5329643533698525,-0.9188237848016318,-1.075741392290622,-1.1064082159690116,-0.2763270914856867,-0.5330552193258846
0.3682497175230784,0.4251461938055395,0.7134588633379375,0.5370971803747733,0.7134062460159631,0.4682385829931137,-0.7792820551803247
-0.223089025095655,0.5390347471356042,-1.3466549530831122e-16,0.0,0.0,-0.2164165895754055,0.5478730299642386
0.5943022980446983,-0.5643990669332175,1.0306286760127206,0.8480183494443758,0.9980438926341256,0.981169367812316,-0.8163509827425258
0.5060706325732193,-0.6818724746552649,-0.7888097474578009,-0.8105745089703925,-0.2828255171476064,0.460363665056031,-0.9340290876328716
-0.4207149795256508,0.5250323826569335,0.7134588633379375,0.5370971803747733,0.7134062460159631,-0.414831155645178,0.5433076774599913
2.6594486844788543,0.8915052727479066,0.2455220438016128,0.0421189981770119,0.6947414823032967,2.6459355866140117,0.8427645021240143
-0.825135960619067,-1.2389577802111535,-0.7365956552009124,-0.2958387942899471,-1.1064082159690116,-0.9233239672288456,-1.235320076664204
-0.5890654263098641,-0.8630024046744512,0.7276732260213009,0.5339775699827708,0.8627243557172942,-0.5746752706100972,-0.196305258214125
-0.5535545929381712,1.7067606983657595,-0.7167903098620926,-0.0410706122763934,-1.1064082159690116,-0.589006637620531,1.7253228121302229
-1.23203036651907,1.598089594535341,-0.7167903098620926,-0.0410706122763934,-1.1064082159690116,-0.314580304900541,1.643865055686712
-0.5990871948454162,-0.9566203049920065,-1.3466549530831122e-16,0.0,0.0,-0.5990558488983952,-0.95654374436239
2.637824152351929,0.8126871067582269,-0.9026194113425976,-0.8105745089703925,-0.4018133858158547,2.637831544735423,0.8125837816705346
-0.4074542805558727,0.5097316984826962,1.109186720442776,0.5974096479534923,0.767067441689879,-0.4160383539424966,0.4892069349189957
0.2116592979220781,1.1006554785423932,1.7821894122910908,1.7017517267224471,1.315344875749455,0.5421445689116515,0.0220597868830472
0.7486565799089113,-0.0617103448580634,-0.8893526728381249,-1.0549439896772703,-0.3481521901419388,0.7490518633061402,-0.0618059517400269
-0.5584049657957086,0.2260372011820714,1.0022947130638826,0.8137026351323459,0.9070531695348772,-0.4629055327440402,0.565817612558584
0.5750291583345383,-0.560706059861621,-0.4303235205833746,-0.0577085343670745,-0.0355173979547765,0.5620103400760378,-0.6155052416971599
-0.5143750000430888,1.6988323180543454,1.109186720442776,0.5974096479534923,0.767067441689879,-0.814425467464327,1.746032182524116
2.645755073652424,0.8406251874649311,1.0306286760127206,0.8428189987910378,2.3372406890179405,2.672672102075185,0.9158069793611892
1.1489276695118538,-0.6529079240190997,1.030344388759053,0.8438588689217056,2.334907593553857,1.1404786287265112,-0.6085979732705273
-0.6967383370385328,-1.0621791780237306,-0.9315219487987698,-0.8677673661571087,-1.1064082159690116,-0.6967270983089028,-1.0620031321534125
-0.7856432754071898,-1.2153941084712054,-0.9156018625934028,-0.8157738596237303,-1.1064082159690116,-0.7287040103507535,-1.152177688935773
-0.2873216525808191,0.772831831137435,1.7821894122910908,1.7017517267224471,1.315344875749455,-0.4838169421640791,0.101824088320304
-0.3228183577481751,1.6292136391741512,1.0302496263411642,0.8438588689217056,2.334907593553857,0.4673571404803192,0.0532286618351956
-0.4031782232278976,-0.374276428922208,-0.756211475703954,-0.61507892440489,-0.1755031257997744,-0.4548994402594944,-0.7751489299819067
2.7091241421618397,0.9914563466622864,0.8846945524635225,1.7215092592051315,1.8099611141351144,2.655904996217725,0.8807114633727386
2.6387326807995555,0.8121468327701968,0.7890792728134309,0.8220215961776867,1.3923370260642038,2.6417231066472184,0.8250245616245228
-0.9645162888862154,-1.235939435650368,-0.7745953847744373,-0.3790284047433525,-0.3831486221031883,-0.8889193317061194,-1.231204528581453
-0.2762748435252582,-0.5329655065183163,-0.9188237848016318,-1.075741392290622,-1.1064082159690116,-0.27627125748373,-0.532941964725863
-0.1365211385554779,1.9296675825447784,0.7276732260213009,0.5287782193294329,0.8370603056123781,-0.1993055285878919,1.962539675288477
-0.6892593084660462,-1.0588472425826916,-0.9425143892739042,-0.9821530805305408,-1.1064082159690116,-0.6515841925511191,-1.0114338142294266
-0.5990529149328055,-0.9565376388112514,-1.3466549530831122e-16,0.0,0.0,-0.599087178455652,-0.956565828446026
-0.1674174671367868,0.9536917467167112,1.7821894122910908,1.7017517267224471,1.1730260524403733,-0.2334257519788423,0.8953940488626169
-0.685456379820244,-1.055143908063542,-0.8887840983307904,-1.626872561544432,-1.1064082159690116,-0.6548517214981099,-1.01795584629935
-0.4681325394158758,0.8726680448779668,0.9406043790180854,0.6608417259242138,0.480096699607633,-0.4678072165902462,0.8947356836236594
-0.2762846066451771,-0.532965106106472,-0.9188237848016318,-1.075741392290622,-1.1064082159690116,-0.2762540883659578,-0.5329937107534666
-0.4797017176652967,-0.3134163227592185,1.7937504272735594,1.7100706877677885,1.1730260524403733,-0.4885228155912436,-0.3603683631153411
-0.6097722560933565,-0.9700603771575042,-0.9292476507694316,-0.8053751583170546,-1.1064082159690116,-0.6279268266704687,-0.9889007396460464
-0.2762858088408501,-0.5330108586299607,-0.9188237848016318,-1.075741392290622,-1.1064082159690116,-0.2762519409404123,-0.5329333096731773
2.693119639841264,0.945699556463805,1.0302496263411642,0.8532177000977137,1.2500182027551223,2.6930376951166166,0.9452266638228496
-0.3144213575087857,0.1968870460621985,0.7134588633379375,0.5370971803747733,0.7134062460159631,-0.3408473974001716,0.3162146930626834
0.5511387022789341,-0.6061164223572193,-0.7019126102535056,-0.4538990541514173,-1.1064082159690116,0.5464075367948383,-0.6024164558811577
-0.5545909692743708,-1.0014489623435985,0.7134588633379375,0.5370971803747733,0.7134062460159631,-0.3896820516385589,-0.6209626935907522
-0.5990782661700902,-0.956608625198598,-1.3466549530831122e-16,0.0,0.0,-0.5990474469065459,-0.9565684747321024
-0.4679417140128558,0.8712808258685952,1.279569547807359,0.7637888688603027,0.8883884058222109,-0.1928442472882854,0.9458862245934336
-0.6104669542927483,-0.976156695243118,-0.8463305351164783,-0.6805907426369467,-1.1064082159690116,-0.5975528469217251,-0.9761562626613912
-0.6967137080462215,-1.0621418773930644,-0.9315219487987698,-0.8677673661571087,-1.1064082159690116,-0.6967383370385328,-1.0621791780237306
-0.6913898512942577,-1.0595315876886882,-0.9618459225232786,-0.9301595739971624,-1.1064082159690116,-0.693876609361277,-1.0617016714995566
0.0905550452397145,0.9622164141741484,-0.7250346402184434,-0.644195288063582,-0.1101764528054422,-0.1297895805752427,0.9707761526527484
-0.2018977090847515,0.9338367636087328,1.3720576676671103,1.7069510773757854,0.8790560239658775,0.0840573427416289,1.140288093620421
-0.6091513273053579,-1.06710566192841,-0.8896369600917922,-0.8053751583170546,-1.1064082159690116,-0.6799720297472026,-1.0532647172916585
-0.1998242633054314,0.9991866405040508,0.7134588633379375,0.5370971803747733,0.7134062460159631,-0.1792379052271918,0.991312704902998
0.005161591644988,1.5679229119393132,1.0022947130638826,0.7637888688603027,0.9093862649989606,-0.0101073074820576,1.6736426074648392
0.0162984275408448,0.9504119472010653,-0.7019126102535056,-0.4538990541514173,-1.1064082159690116,0.0064051810010889,0.9533219820565452
-0.5188176599342038,-1.0669076071302594,-0.8486048331458164,-0.8053751583170546,-1.1064082159690116,-0.5625732910861391,-1.0503438042406708
0.5197130944789151,0.2070079875349354,1.7821894122910908,1.7017517267224471,0.8883884058222109,0.5172846979270769,0.2180317279284875
-0.1192818729084492,0.974007453697998,1.7821894122910908,1.7017517267224471,1.315344875749455,-0.1524300239615472,0.9596701678663072
0.4889555425360971,-0.7315165516651467,-0.6922468436288185,-0.2209681448818824,-0.0565152571315261,0.5692052638088196,-0.5584464605761863
-0.6091340078006898,-0.7504999687745512,0.9965142055726484,0.8469784793137081,1.037706515523542,-0.566786596670929,-0.9692769438747176
-0.2762489778501136,-0.5329954067531647,-0.9188237848016318,-1.075741392290622,-1.1064082159690116,-0.276252329364395,-0.5329988075429641
-0.7368944708561646,-1.1604135896335372,-0.8151536996309677,-0.545407625650163,-1.1064082159690116,-0.9112731992556464,-1.231009548103007
-0.8841120296674506,-1.2249377149888598,-1.3466549530831122e-16,0.0,0.0,-0.8827404965769364,-1.2254224441702306
-0.4561793880743569,0.5259375167321032,1.7839898982309834,1.908685882725293,0.410103835685134,-0.2776140664132594,0.8306823537124196
-0.8810701600581198,-1.2242694572057615,-1.3466549530831122e-16,0.0,0.0,-0.8823816199754898,-1.2246818879293702
0.0086714146520519,0.953031251931434,-0.7019126102535056,-0.4538990541514173,-1.1064082159690116,0.0298264729864273,0.9458918543410058
0.1807217945210625,1.1633154152919811,-0.869357802663527,-0.794976457010379,-1.1064082159690116,0.1807204951256915,1.163334953719176
-0.6416470593611295,-0.315626754419085,0.3944885647232617,0.5027814660627438,0.6387471911652975,-0.6120471977705663,-0.1788331406899095
-0.613188782948429,-0.9789648741726266,-0.8887840983307904,-1.626872561544432,-1.1064082159690116,-0.6139307206169465,-0.9794936432700192
1.139353641515631,-0.5219062360251046,-0.4303235205833746,-0.0577085343670745,-0.0355173979547765,1.1394749098318997,-0.5254056884059168
-0.2762292450437682,-0.5329359878286977,-0.9188237848016318,-1.075741392290622,-1.1064082159690116,-0.276269598752303,-0.5329200980183254
-0.7391482653538499,-1.1647318126616075,-0.7745953847744373,-0.3790284047433525,-0.3831486221031883,-0.6577690568647832,-1.024009953432095
-0.4397481516217859,-0.3968438470818578,-1.1062638473862512,-1.626872561544432,0.1301323799951378,-0.512113841930913,-0.7487801314603698
-0.6912117979628286,-1.0594491424645984,-0.885277888868894,-0.8677673661571087,-1.1064082159690116,-0.7109499241451193,-1.1199824900258206
-0.0016056007059119,1.5189145356860527,0.7416033014509971,0.6608417259242138,0.7134062460159631,-0.0306510981496166,1.6332098020843735
1.182148523049298,-0.2881254917134832,-0.8414028893862455,-0.7617006128290168,-0.2174988441532739,1.182141676495771,-0.2881082272836428
-0.5467969661620273,0.2332687712153382,0.9406043790180854,0.6608417259242138,0.4334347903259669,-0.6177712070281902,-0.503035947718999
1.130142866823325,-0.542235030816558,1.0302496263411642,0.8438588689217056,2.334907593553857,1.131792377007222,-0.5279059542980654
0.1499036802843775,1.2687449062477074,-0.7914630951586953,-1.626872561544432,-1.1064082159690116,0.1494888730414966,1.2685662146347902
0.4470064441929393,-0.7861697346391188,-0.7494833440338287,-0.6889097036822872,-0.1475059802307748,0.5007685002515498,-0.7016663021481693
-0.9234305436332232,-1.2347116500124116,-0.7322365839780143,-0.2958387942899471,-1.1064082159690116,-0.9991727869784884,-1.2562274382372665
0.5467371244851306,-0.6403984318779081,-0.7019126102535056,-0.4538990541514173,-1.1064082159690116,0.4966231622402537,-0.7280917877310257
0.180720326604395,1.1633325038898594,-0.869357802663527,-0.794976457010379,-1.1064082159690116,0.1807283486311189,1.1633259837163392
2.6567011952835498,0.8775331772616746,0.7428352128835553,1.7256687397278017,1.8099611141351144,2.6493662209197297,0.8573239981580408
1.2988985576864236,-0.1101741401078419,-0.9312376615451026,-1.1038178858186465,-0.6304567412960183,0.5563171828556416,-0.4446443612623135
-0.496320076034229,-1.0724269162516191,-0.0828297341840828,-0.3790284047433525,-1.1064082159690116,-0.5752033956371765,-1.0367413355291453
0.5534537478920244,-0.6079349560881716,-0.445485507445629,-0.1336190539058069,0.2491202486633861,0.4198213546300974,-0.9014540855344207
-0.5444285141704877,0.2354476155777854,0.9406043790180854,0.6608417259242138,0.480096699607633,-0.5441008998826854,0.2355796312986975
-0.2762777070067683,-0.532946466434122,-0.9188237848016318,-1.075741392290622,-1.1064082159690116,-0.276262546795441,-0.5329962841587468
-0.7684288029004325,-1.2053255131334817,-0.8116474901690713,-0.5142115217301362,-1.1064082159690116,-0.9184069345236732,-1.2351530777637094
2.6436700623745666,0.8435780817388117,0.6429556244284548,1.2889232848474237,1.6233134770084503,2.6427680744729387,0.8420690779744141
-0.6807800347991995,-1.052151292436254,-0.9292476507694316,-0.8053751583170546,-1.1064082159690116,-0.7066526756116589,-1.1014532782329056
-0.0684268913322192,0.6963899033855331,-1.1062638473862512,-1.626872561544432,0.1301323799951378,-0.0718133652337183,0.7014725937280555
-0.2762314312160981,-0.5330628713920311,-0.9188237848016318,-1.075741392290622,-1.1064082159690116,-0.2762426608566604,-0.5329600654639753
0.7496412099432386,-0.0617048265053592,-0.8893526728381249,-1.0549439896772703,-0.3481521901419388,0.7494852290059364,-0.0617571388205813
0.1807224209015687,1.1633238131753467,-0.869357802663527,-0.794976457010379,-1.1064082159690116,0.1807354279548965,1.1633130424028308
-1.2307610767860613,1.8147300214307225,1.7839898982309834,1.908685882725293,0.410103835685134,-1.5016348753087183,1.524113329345796
2.707509158091738,0.9810887118260564,1.0302496263411642,0.8532177000977137,1.2500182027551223,2.6985654906024776,0.9623476644414618
-0.4691444956895691,0.9071407519583424,0.9965142055726484,0.8469784793137081,1.037706515523542,-0.5305448720988875,0.2489880110000034
0.4516137157150236,-0.9444778798851104,-1.0368977574914375,-1.626872561544432,-1.1064082159690116,0.1549838785438801,1.183965409639182
-0.298425840077575,-0.3148962169489191,-0.90754705707283,-0.8001758076637168,-1.1064082159690116,-0.2920048045698946,-0.3697734337189492
0.4276018746656306,0.4625324480154795,1.0306286760127206,0.844898739052373,2.334907593553857,0.6461200733550823,-0.5705388596202653
-0.7977243556210867,-1.220451979164407,-0.7711839377304301,-1.626872561544432,-1.1064082159690116,-0.7645671831111243,-1.203301967236956
-0.6092805827614525,-0.9740366019491103,-0.9156018625934028,-0.8157738596237303,-1.1064082159690116,-0.6022023196811369,-0.957557921934612
-0.0152532416891388,1.3989583683847056,1.7839898982309834,1.908685882725293,0.410103835685134,-0.2953732128751349,1.571857707084632
1.1318325653759804,-0.5301115861442445,1.030344388759053,0.8438588689217056,2.334907593553857,1.1320311384731434,-0.5284964355748774
-0.8101310455944148,-1.1936359145896205,-0.7146107742506437,-0.1398582746898121,-1.1064082159690116,-0.8710701218791178,-1.2308463421084126
-0.705531448921159,-1.1016385378611446,-0.8722954376180888,-0.8053751583170546,-1.1064082159690116,-0.6306182867292176,-1.0665609847985338
-0.3833604965201923,0.4558692963504173,1.002105188228105,0.7617091285989676,0.8137293509715452,-0.370142412255487,0.500270457057445
0.1807303718492033,1.1632966584988464,-0.869357802663527,-0.794976457010379,-1.1064082159690116,0.1807134938379555,1.1633361714412378
0.6254881899323458,-1.0338380385805763,-0.7019126102535056,-0.4538990541514173,-1.1064082159690116,0.470108142765792,-0.9509284876508044
0.3656182061436996,0.5754263524445119,-0.7888097474578009,-0.8105745089703925,-0.2828255171476064,0.3665688398157575,0.5695705258603707
0.491016805799823,-0.9537444824351462,-0.7019126102535056,-0.4538990541514173,-1.1064082159690116,0.646555117481999,-1.0456691305365011
0.4294654435295478,0.568224750972212,1.7821894122910908,1.7100706877677885,0.8837222148940439,0.158590394298705,1.1226976695438593
-0.7452272290916815,-1.1828341066332773,-0.7745953847744373,-0.3790284047433525,-0.3831486221031883,-0.7307557373222718,-1.1474605475898083
1.1379383116792394,-0.5465074646864909,-0.8870783748087868,-0.9894321714452138,-0.5651300683016858,1.121333729478912,-0.5445420929596689
-0.6927362988028694,-1.0611026780016872,-0.9292476507694316,-0.8053751583170546,-1.1064082159690116,-0.6590656620452316,-1.0264093122228746
-1.257378816680859,1.5854399163049226,0.9269585908420565,0.8459386091830406,1.0167086563467922,-1.5357537164994488,1.5090985652502793
2.6506484474663354,0.8553059499135537,0.8142860759719287,1.4511430252315642,2.883185027613433,2.708588986025103,0.9836225747516112
-0.5126098416468583,0.3467859721193753,-0.7494833440338287,-0.6889097036822872,-0.1475059802307748,-0.545397023975419,0.0988801936681414
-0.999171740891534,-1.2559515301045987,-0.7374485169619142,-0.2334465864498931,-1.1064082159690116,-0.993772593415268,-1.2401240913313936
-0.498175135146201,-1.0435025297751723,1.7821894122910908,1.712150428029123,1.315344875749455,-0.5040950810304833,-0.99602935082836
-0.6858044702299697,-1.0558772898778206,-1.3466549530831122e-16,0.0,0.0,-0.6661922532191505,-1.05326502360246
-0.8057875413011261,-1.2252140289369329,-0.7885254602041335,-1.626872561544432,-1.1064082159690116,-0.7382880919382854,-1.1622022473011393
-0.5953475588437114,-0.0928412107580048,-0.7494833440338287,-0.6889097036822872,-0.1475059802307748,-0.606909738985639,-0.1298932273597584
-1.2042921690775523,1.6330957323171365,1.7821894122910908,1.7017517267224471,0.8883884058222109,-0.529917436620846,1.7321961807523305
-0.4593971218771905,1.3705678449662997,1.7821894122910908,1.7017517267224471,0.8883884058222109,-0.1719236908635246,1.4005197651001131
0.4282348021029278,0.5521955443565871,1.1127876923225613,0.6608417259242138,0.7950645872588787,0.4258545854087907,0.4989705441902035
-0.5798389714213024,-0.8587453325508104,1.2218592353129036,0.75650977794563,0.8720567375736277,-0.6094717280420784,-0.7175969706325148
-0.2762609407198088,-0.5329623103406289,-0.9188237848016318,-1.075741392290622,-1.1064082159690116,-0.27623083013325,-0.5330140630322446
-0.2766636665604877,0.9768714107493938,1.0579202523647784,0.5953299076921572,0.767067441689879,-0.5022745897448051,0.4527139598323488
2.6906306912643383,0.9440833843358082,1.126338718080701,1.7319079605118066,1.814627305063281,2.6839028604180952,0.9326259185044076
-0.6306182867292176,-1.0665609847985338,-0.8722954376180888,-0.8053751583170546,-1.1064082159690116,-0.659652271009029,-1.0550983425250198
-0.0678470244391844,0.7200258428201525,-1.1062638473862512,-1.626872561544432,0.1301323799951378,-0.083022080184582,0.7205649207070155
0.430779276290085,0.5896927803898312,0.3944885647232617,0.5027814660627438,0.6387471911652975,0.4180589213047971,0.5470235500234449
2.7089782225176915,0.98594231779669,0.788984510395542,0.868815752057727,0.4567657449668,2.693403079574409,0.946821903317328
2.637772757976967,0.812795672433253,-0.9026194113425976,-0.8105745089703925,-0.4018133858158547,2.637748258179364,0.8127846651520004
-0.5986155582203588,-0.8581183563432113,-1.1062638473862512,-1.626872561544432,0.3634419264034679,-0.567812583416293,-0.9881657553884146
-0.6908254608854165,-1.0592033876812037,-0.903187985849932,-0.8053751583170546,-1.1064082159690116,-0.6825984509466653,-1.053614621323702
-0.8072233310863718,-1.2264065162572118,-0.8593129863672835,-0.6805907426369467,-1.1064082159690116,-0.8681042678286736,-1.224269892537284
2.640872637333316,0.8221026598028819,-0.8751383101547615,-0.6764312621142764,-0.1825024121920244,2.643744673450948,0.8445280057034145
-0.0956482500278523,0.9725454009983128,1.7821894122910908,1.7017517267224471,1.315344875749455,-0.1192818729084492,0.974007453697998
-0.7055362867478598,-1.0976746557599797,-0.8887840983307904,-1.626872561544432,-1.1064082159690116,-0.6863326247357023,-1.0561326946244944
-0.6923438805453166,-1.0623457053992746,-0.9425143892739042,-0.9821530805305408,-1.1064082159690116,-0.6195387611233034,-0.9770504242421546
1.1277225601112144,-0.540661879875176,1.030344388759053,0.8438588689217056,2.334907593553857,1.1318325653759804,-0.5301115861442445
-0.2762610414166435,-0.5329416502964726,-0.9188237848016318,-1.075741392290622,-1.1064082159690116,-0.2762675535158947,-0.5329584897186386
1.1260849531326336,-0.5553255531554786,0.2587887823060854,0.7939451026496623,0.92338483778346,1.130729956348717,-0.5722636447555919
-0.21780616586076,0.955859789007778,0.9965142055726484,0.8469784793137081,1.037706515523542,-0.2993681623573454,0.9114836390377326
-0.2762011024212724,-0.5329397751671059,-0.9188237848016318,-1.075741392290622,-1.1064082159690116,-0.2762871306219143,-0.5329313659551862
-0.1951120156749921,0.9967209287847814,0.7134588633379375,0.5370971803747733,0.7134062460159631,-0.1998242633054314,0.9991866405040508
0.2623799737381544,0.7744119407789798,-0.4130767605275602,0.2272158814358384,0.0321423705036392,0.5661845895095067,-0.3981846060723639
-0.691660222638562,-1.059742929660241,-0.9156018625934028,-0.8157738596237303,-1.1064082159690116,-0.6939042813001945,-1.0612793079198584
-0.4102398813358188,0.0574680931540317,1.7937504272735594,1.7100706877677885,1.1730260524403733,-0.4584853298097269,-0.1992927392867741
-0.9512057393395156,-1.2371011183316558,-0.7365956552009124,-0.2958387942899471,-1.1064082159690116,-0.8552022800024885,-1.2308807318695771
0.381432500777242,-1.0217713105327964,-0.4303235205833746,-0.0577085343670745,-0.0355173979547765,0.4986879499577726,-0.721334812458865
-0.5795215520490397,-0.8058903309738866,-0.7167903098620926,-0.0410706122763934,-1.1064082159690116,-0.593082097536254,-0.460080797967206
-0.6993237943854991,-1.0754879603635554,-0.885277888868894,-0.8677673661571087,-1.1064082159690116,-0.6981657072384299,-1.0641971254055105
-0.6195387611233034,-0.9770504242421546,-0.9425143892739042,-0.9821530805305408,-1.1064082159690116,-0.6827762957552018,-1.052742628367151
-0.0868734781748562,1.520640613652594,-0.445485507445629,-0.1336190539058069,0.2491202486633861,-0.0962080811800722,1.528274986373921
-0.0869475480722616,0.7197334967300527,-1.1062638473862512,-1.626872561544432,0.1301323799951378,-0.0668382321817242,0.700669547403691
0.3037622842999617,0.7221776855141215,-0.7466404714971558,-0.2324067163192256,0.3494433536189682,0.68229965690232,-0.791487849816685
1.1503039659833418,-0.6673567529406262,1.0022947130638826,0.8137026351323459,0.9070531695348772,1.135994825325534,-0.6017001946722029
-0.2762702913271148,-0.5328748557838373,-0.9188237848016318,-1.075741392290622,-1.1064082159690116,-0.2762327463705161,-0.5329819145526609
-0.7338242571563719,-1.1814688363556287,-0.9329433850671062,-0.8677673661571087,-1.1064082159690116,-0.7322442087055466,-1.177740579608671
-0.3486321390324443,-0.6149083537694926,-0.6729153103794441,-0.3582310021300012,0.3541095445471347,-0.3458596095024849,-0.667025397322233
-0.6449197842789988,-1.0002003665591677,-0.9292476507694316,-0.8053751583170546,-1.1064082159690116,-0.6608838928990584,-1.02937006648955
-0.9699169279963352,-1.2397749739955797,-0.7146107742506437,-0.1294595733831365,-1.1064082159690116,-0.9974148465927904,-1.2527397067527304
2.7654331067575706,1.0793980572059985,0.6362274927583293,1.726708609858469,1.7912963504224482,2.770323478733184,1.0996088410243003
2.693199240096045,0.94566421237904,1.0302496263411642,0.8532177000977137,1.2500182027551223,2.7625992546935976,1.0747277945727978
-1.2424180027047378,1.586705737907089,1.7821894122910908,1.7017517267224471,1.315344875749455,-1.2045090706265127,1.628778007399693
0.9100763446690032,0.6047586595678921,0.7416033014509971,0.6608417259242138,0.7134062460159631,0.9561963155671666,0.4888016257127724
-1.2573403676629986,1.6424381224489273,1.7821894122910908,1.7100706877677885,0.8837222148940439,-0.5445730574827793,1.7327486558012997
-1.1958381586253923,1.6602483056185628,1.7821894122910908,1.7017517267224471,1.1730260524403733,-0.842729671313206,1.778845099537452
0.2223814642913138,0.8867409366065114,1.001631376138659,0.7617091285989676,0.8137293509715452,-0.172909184692373,0.9387550014736588
-0.5771692180672744,-1.0513316000226098,-0.8463305351164783,-0.6805907426369467,-1.1064082159690116,-0.5847658591046223,-1.0406191014591957
-0.1184957272877217,0.9750902747877952,0.7134588633379375,0.5370971803747733,0.7134062460159631,0.150355715113473,0.8741488716450222
-0.6272715784054665,-0.9884759825236902,-0.8887840983307904,-1.626872561544432,-1.1064082159690116,-0.6112266580083909,-0.9777777937940016
-0.4633619286287063,-0.2255990057967981,1.7937504272735594,1.7100706877677885,1.1730260524403733,-0.4659759824516463,-0.23964517027207
-0.9245443937284392,-1.234525612930051,-0.7336580202463505,-0.3582310021300012,-1.1064082159690116,-0.8260715648015517,-1.24032223721184
0.532867976649802,-0.5551822886483946,-0.7018178478356166,-0.200170742268531,0.356442640011218,0.3359199453593397,0.8168038515468474
-0.6773531416297265,-1.0494608146486122,-0.8896369600917922,-0.8053751583170546,-1.1064082159690116,-0.6605631198528561,-1.0548257491897346
-0.171881145479202,0.9439331323861214,1.7821894122910908,1.7017517267224471,0.8883884058222109,0.1717739295809837,0.8796005112593468
2.654853112890481,0.8781641578789434,0.8846945524635225,1.7215092592051315,1.8099611141351144,2.661805370156443,0.8957844829782413
-0.7415688816002296,1.7521393932486589,-0.7167903098620926,-0.0410706122763934,-1.1064082159690116,-1.2421391657453644,1.5885049164897722
0.5387502122706558,-0.4264991576037458,1.030344388759053,0.8438588689217056,2.334907593553857,0.4247363275460782,0.8074518743491294
1.1322307260161266,-0.5303866069272991,1.0018209009744374,0.75650977794563,1.0330403245953754,1.138322890621565,-0.5446857940395993
1.1434395602427374,-0.5987398195310863,1.0302496263411642,0.8438588689217056,2.334907593553857,1.0596104349142557,-0.7737914392054724
-0.6117700390094971,0.4789101510372157,0.3944885647232617,0.5027814660627438,0.6387471911652975,-0.6543941594065581,0.3987618850703642
0.5407035132014756,0.171801369940944,1.0021999506459938,0.7877058818656567,0.9163855513912104,0.4352831995988883,0.5853593064298115
-0.6761196314887951,-1.0505082934464027,-0.9618459225232786,-0.9301595739971624,-1.1064082159690116,-0.6832906335801522,-1.0537547896072677
1.182157840846648,-0.2881036561192114,-0.8414028893862455,-0.7617006128290168,-0.2174988441532739,1.1821700046384875,-0.2881053752163301
-0.1470535673188658,0.9607470818172912,-0.7167903098620926,-0.0410706122763934,-1.1064082159690116,-0.1604375994675501,0.9580537512371552
1.2891993840210574,-0.1151182695683781,-0.9312376615451026,-1.1038178858186465,-0.6304567412960183,1.2987663848212756,-0.1102479686117025
0.4280767278494052,0.5639180185787838,1.109186720442776,0.5974096479534923,0.767067441689879,0.5374552535950524,-0.1123759679380305
-0.602572228637495,-0.5513130777421824,-0.7771539700574428,-0.5329291840821523,0.1021352344261382,-0.6994253785394767,-1.0654536465797235
1.3198246848301054,-0.4900169978929816,-0.4303235205833746,-0.0577085343670745,-0.0355173979547765,-0.298425840077575,-0.3148962169489191
-0.7339484801582853,-1.1818483703097291,-0.9329433850671062,-0.8677673661571087,-1.1064082159690116,-0.7339161441752551,-1.18168614108916
-0.6774393428449738,-1.0503445152821618,-0.885277888868894,-0.8677673661571087,-1.1064082159690116,-0.6881996121395177,-1.0571148131498145
-0.4283955583157839,0.2851973910469437,1.0022947130638826,0.7845862714736543,0.9187186468552936,-0.4169051151104238,0.3210856412016991
1.77678237035275,-0.1606011905649338,0.3050328422359611,0.1617040632037819,0.7134062460159631,1.880362613998916,0.0218547311475851
-0.626477389649354,2.0291599635057693,1.1127876923225613,0.6608417259242138,0.7950645872588787,-0.6685900270841315,2.136323235118838
-0.122058029194159,1.5221364642054147,1.0311024881021662,0.7845862714736543,0.9023869786067104,0.1740372655399642,1.135923114523726
-0.7566667509790187,-1.1969136345594629,-0.842824325654582,-0.6764312621142764,-1.1064082159690116,-0.9545269596845852,-1.2373645991421474
2.660259117666371,0.8932495498675214,-0.8752330725726506,-0.6753913919836088,-0.2524952761145234,2.641280829915852,0.8252566564665889
-0.7360226912823513,-1.1567125186265546,-0.6903515952710366,-0.5142115217301362,-1.1064082159690116,-0.8063483009209814,-1.225964819287524
-0.8228247353850833,-1.236026888201882,-0.9171180612796282,-0.8053751583170546,-1.1064082159690116,-0.9189017892706388,-1.2350282904951182
-0.3391893851849256,-0.422064490647581,-1.1062638473862512,-1.626872561544432,0.3634419264034679,-0.3959821442650252,-0.2489576317958813
0.5712740456485945,-0.0751037628743939,1.030154863923275,0.8428189987910378,0.9957107971700424,0.483824210996261,0.3791880879245021
-0.6102880559458244,-0.0476480674049029,1.7839898982309834,1.908685882725293,0.410103835685134,-0.6219248114815331,-0.5065160592840361
-0.5530751772236033,-0.9102884844294916,0.7134588633379375,0.5370971803747733,0.7134062460159631,-0.5440067734496102,-0.946567078091514
-0.5990712037908899,-0.956538470517602,-1.3466549530831122e-16,0.0,0.0,-0.5990541385036928,-0.9565488426998516
-0.2220414433186904,0.964068570616468,1.0021999506459938,0.7877058818656567,0.9163855513912104,-0.2240763108049508,0.9669704980272258
-0.1604403245589918,1.9212976860259368,1.7821894122910908,1.7017517267224471,1.1730260524403733,-0.199667379235127,1.9553607632059204
-0.5361590611261806,-1.0748504264515246,-0.7745953847744373,-0.5870024308768658,-0.0565152571315261,-0.54669524895832,-1.0500350571500447
-0.6772170240966702,-1.0485713406611328,-0.9292476507694316,-0.8053751583170546,-1.1064082159690116,-0.6922565924823053,-1.060706956839222
-0.0660991641654422,0.7004917079468824,-1.1062638473862512,-1.626872561544432,0.1301323799951378,-0.0863257312751768,0.8095219094512428
-0.2449602075446711,0.7825615726511415,-0.7888097474578009,-0.8105745089703925,-0.2828255171476064,-0.2704604129013138,0.5963267805456837
2.653236809886929,0.8642638163934648,0.066136786737566,0.2136975697371602,0.8440595920046279,2.640889104861224,0.823242334482597
-0.6532275158026362,-1.015440452991914,-0.8309790234184458,-0.6805907426369467,-1.1064082159690116,-0.6537924302613398,-1.0164019487503133
-0.5441008998826854,0.2355796312986975,0.9406043790180854,0.6608417259242138,0.4334347903259669,-0.6196273104443912,-0.5097224235144491
-0.6095141026349261,-0.9703696507801132,-0.8994922515522574,-1.626872561544432,-1.1064082159690116,-0.6190827178153686,-0.9830276003102324
-1.5347626250929471,1.5157007507619713,1.3720576676671103,1.7069510773757854,0.8790560239658775,-1.1952055602989151,1.773273027247889
-0.6763534868180126,-1.050631570574827,-0.8896369600917922,-0.8053751583170546,-1.1064082159690116,-0.7083678653342426,-1.1091846756381762
0.0342472679171184,1.3293854403032173,0.7134588633379375,0.5287782193294329,0.6947414823032967,0.3160130977234767,0.7993946824005294
-0.6961958547672855,-1.068142161639454,-0.8994922515522574,-1.626872561544432,-1.1064082159690116,-0.6596868295459418,-1.0276682037990408
0.1931337949484594,0.8666984793713847,1.002105188228105,0.7617091285989676,0.8137293509715452,0.557313039552807,-0.146402490906595
-0.6582008212085336,-1.0247854988510274,-0.6903515952710366,-0.5142115217301362,-1.1064082159690116,-0.7306802950038034,-1.1477498971499422
-0.6322532584147995,-1.0635134922778862,-0.8896369600917922,-0.8053751583170546,-1.1064082159690116,-0.659990205434444,-1.0550252212624776
0.4224484669199761,0.6223968477027669,1.109186720442776,0.5974096479534923,0.767067441689879,0.0536035649364156,0.8780786331396058
-0.2815673709974731,0.7306071680985684,1.7937504272735594,1.7100706877677885,1.1730260524403733,-0.3099475780974959,0.583535193924289
